date,global_duration,training_duration,n_epochs,model_id,n_parameters,opts,stopped
22/11/2021 15:18:01,2040.9,1991.61,50,DLBDL_pat5_delta0,"{'trainableParams': 126082, 'nonTrainableParams': 640, 'totalParams': 126722}","{'data_config': 'config/gpu/runs/trim/data_config.yaml', 'id': '_pat{early_stopping--patience}_delta{early_stopping--min_delta}', 'id_prefixes': {'databases_options--spectrogram--n_mels': '_nmels-', 'databases_options--spectrogram--n_fft': 'fft-', 'learning_rate': 'lr-', 'n_epochs': 'epochs-'}, 'databases': ['citynet2', 'nips4b2', 'NABS2', 'arctic_complete2'], 'model_dir': '/home/sylvain/data/results/runs/candidates/models', 'logs': {'log_dir': '/home/sylvain/logs/gradient_tape/runs/candidates', 'use_version': True}, 'clean_empty_models': True, 'n_epochs': 50, 'epoch_save_step': 3, 'learning_rate': 0.01, 'learn_log': 0, 'do_augmentation': 1, 'A': 0.001, 'B': 10.0, 'ensemble_members': 1, 'training_balanced': True, 'resize_spectrogram': True, 'pixels_per_sec': 200, 'spectrogram_overlap': 0.75, 'batch_size': 256, 'do_batch_norm': 1, 'channels': 4, 'num_filters': 64, 'num_dense_units': 128, 'conv_filter_width': 4, 'wiggle_room': 10, 'dropout': 0.5, 'databases_options': {'spectrogram': {'n_fft': 512, 'n_mels': 32, 'sample_rate': 'original', 'to_db': False}}, 'parent_path': 'config/gpu/runs/training_parent.yaml', 'skip_trained': True, 'early_stopping': {'patience': 5, 'min_delta': 0}, 'random_start': True, 'num_dense_units2': 0, 'time_mask': True, 'freq_mask': True, 'name': 'DLBDL', 'class': 'dlbd.models.dlbd.DLBD'}",21
22/11/2021 15:45:10,1628.44,1601.39,50,DLBDL_pat5_delta0.001,"{'trainableParams': 126082, 'nonTrainableParams': 640, 'totalParams': 126722}","{'data_config': 'config/gpu/runs/trim/data_config.yaml', 'id': '_pat{early_stopping--patience}_delta{early_stopping--min_delta}', 'id_prefixes': {'databases_options--spectrogram--n_mels': '_nmels-', 'databases_options--spectrogram--n_fft': 'fft-', 'learning_rate': 'lr-', 'n_epochs': 'epochs-'}, 'databases': ['citynet2', 'nips4b2', 'NABS2', 'arctic_complete2'], 'model_dir': '/home/sylvain/data/results/runs/candidates/models', 'logs': {'log_dir': '/home/sylvain/logs/gradient_tape/runs/candidates', 'use_version': True}, 'clean_empty_models': True, 'n_epochs': 50, 'epoch_save_step': 3, 'learning_rate': 0.01, 'learn_log': 0, 'do_augmentation': 1, 'A': 0.001, 'B': 10.0, 'ensemble_members': 1, 'training_balanced': True, 'resize_spectrogram': True, 'pixels_per_sec': 200, 'spectrogram_overlap': 0.75, 'batch_size': 256, 'do_batch_norm': 1, 'channels': 4, 'num_filters': 64, 'num_dense_units': 128, 'conv_filter_width': 4, 'wiggle_room': 10, 'dropout': 0.5, 'databases_options': {'spectrogram': {'n_fft': 512, 'n_mels': 32, 'sample_rate': 'original', 'to_db': False}}, 'parent_path': 'config/gpu/runs/training_parent.yaml', 'skip_trained': True, 'early_stopping': {'patience': 5, 'min_delta': 0.001}, 'random_start': True, 'num_dense_units2': 0, 'time_mask': True, 'freq_mask': True, 'name': 'DLBDL', 'class': 'dlbd.models.dlbd.DLBD'}",17
22/11/2021 16:21:42,2192.05,2164.7,50,DLBDL_pat5_delta0.002,"{'trainableParams': 126082, 'nonTrainableParams': 640, 'totalParams': 126722}","{'data_config': 'config/gpu/runs/trim/data_config.yaml', 'id': '_pat{early_stopping--patience}_delta{early_stopping--min_delta}', 'id_prefixes': {'databases_options--spectrogram--n_mels': '_nmels-', 'databases_options--spectrogram--n_fft': 'fft-', 'learning_rate': 'lr-', 'n_epochs': 'epochs-'}, 'databases': ['citynet2', 'nips4b2', 'NABS2', 'arctic_complete2'], 'model_dir': '/home/sylvain/data/results/runs/candidates/models', 'logs': {'log_dir': '/home/sylvain/logs/gradient_tape/runs/candidates', 'use_version': True}, 'clean_empty_models': True, 'n_epochs': 50, 'epoch_save_step': 3, 'learning_rate': 0.01, 'learn_log': 0, 'do_augmentation': 1, 'A': 0.001, 'B': 10.0, 'ensemble_members': 1, 'training_balanced': True, 'resize_spectrogram': True, 'pixels_per_sec': 200, 'spectrogram_overlap': 0.75, 'batch_size': 256, 'do_batch_norm': 1, 'channels': 4, 'num_filters': 64, 'num_dense_units': 128, 'conv_filter_width': 4, 'wiggle_room': 10, 'dropout': 0.5, 'databases_options': {'spectrogram': {'n_fft': 512, 'n_mels': 32, 'sample_rate': 'original', 'to_db': False}}, 'parent_path': 'config/gpu/runs/training_parent.yaml', 'skip_trained': True, 'early_stopping': {'patience': 5, 'min_delta': 0.002}, 'random_start': True, 'num_dense_units2': 0, 'time_mask': True, 'freq_mask': True, 'name': 'DLBDL', 'class': 'dlbd.models.dlbd.DLBD'}",23
22/11/2021 17:07:58,2776.19,2748.07,50,DLBDL_pat8_delta0,"{'trainableParams': 126082, 'nonTrainableParams': 640, 'totalParams': 126722}","{'data_config': 'config/gpu/runs/trim/data_config.yaml', 'id': '_pat{early_stopping--patience}_delta{early_stopping--min_delta}', 'id_prefixes': {'databases_options--spectrogram--n_mels': '_nmels-', 'databases_options--spectrogram--n_fft': 'fft-', 'learning_rate': 'lr-', 'n_epochs': 'epochs-'}, 'databases': ['citynet2', 'nips4b2', 'NABS2', 'arctic_complete2'], 'model_dir': '/home/sylvain/data/results/runs/candidates/models', 'logs': {'log_dir': '/home/sylvain/logs/gradient_tape/runs/candidates', 'use_version': True}, 'clean_empty_models': True, 'n_epochs': 50, 'epoch_save_step': 3, 'learning_rate': 0.01, 'learn_log': 0, 'do_augmentation': 1, 'A': 0.001, 'B': 10.0, 'ensemble_members': 1, 'training_balanced': True, 'resize_spectrogram': True, 'pixels_per_sec': 200, 'spectrogram_overlap': 0.75, 'batch_size': 256, 'do_batch_norm': 1, 'channels': 4, 'num_filters': 64, 'num_dense_units': 128, 'conv_filter_width': 4, 'wiggle_room': 10, 'dropout': 0.5, 'databases_options': {'spectrogram': {'n_fft': 512, 'n_mels': 32, 'sample_rate': 'original', 'to_db': False}}, 'parent_path': 'config/gpu/runs/training_parent.yaml', 'skip_trained': True, 'early_stopping': {'patience': 8, 'min_delta': 0}, 'random_start': True, 'num_dense_units2': 0, 'time_mask': True, 'freq_mask': True, 'name': 'DLBDL', 'class': 'dlbd.models.dlbd.DLBD'}",29
22/11/2021 17:31:16,1397.74,1369.75,50,DLBDL_pat8_delta0.001,"{'trainableParams': 126082, 'nonTrainableParams': 640, 'totalParams': 126722}","{'data_config': 'config/gpu/runs/trim/data_config.yaml', 'id': '_pat{early_stopping--patience}_delta{early_stopping--min_delta}', 'id_prefixes': {'databases_options--spectrogram--n_mels': '_nmels-', 'databases_options--spectrogram--n_fft': 'fft-', 'learning_rate': 'lr-', 'n_epochs': 'epochs-'}, 'databases': ['citynet2', 'nips4b2', 'NABS2', 'arctic_complete2'], 'model_dir': '/home/sylvain/data/results/runs/candidates/models', 'logs': {'log_dir': '/home/sylvain/logs/gradient_tape/runs/candidates', 'use_version': True}, 'clean_empty_models': True, 'n_epochs': 50, 'epoch_save_step': 3, 'learning_rate': 0.01, 'learn_log': 0, 'do_augmentation': 1, 'A': 0.001, 'B': 10.0, 'ensemble_members': 1, 'training_balanced': True, 'resize_spectrogram': True, 'pixels_per_sec': 200, 'spectrogram_overlap': 0.75, 'batch_size': 256, 'do_batch_norm': 1, 'channels': 4, 'num_filters': 64, 'num_dense_units': 128, 'conv_filter_width': 4, 'wiggle_room': 10, 'dropout': 0.5, 'databases_options': {'spectrogram': {'n_fft': 512, 'n_mels': 32, 'sample_rate': 'original', 'to_db': False}}, 'parent_path': 'config/gpu/runs/training_parent.yaml', 'skip_trained': True, 'early_stopping': {'patience': 8, 'min_delta': 0.001}, 'random_start': True, 'num_dense_units2': 0, 'time_mask': True, 'freq_mask': True, 'name': 'DLBDL', 'class': 'dlbd.models.dlbd.DLBD'}",14
22/11/2021 18:11:50,2433.83,2406.13,50,DLBDL_pat8_delta0.002,"{'trainableParams': 126082, 'nonTrainableParams': 640, 'totalParams': 126722}","{'data_config': 'config/gpu/runs/trim/data_config.yaml', 'id': '_pat{early_stopping--patience}_delta{early_stopping--min_delta}', 'id_prefixes': {'databases_options--spectrogram--n_mels': '_nmels-', 'databases_options--spectrogram--n_fft': 'fft-', 'learning_rate': 'lr-', 'n_epochs': 'epochs-'}, 'databases': ['citynet2', 'nips4b2', 'NABS2', 'arctic_complete2'], 'model_dir': '/home/sylvain/data/results/runs/candidates/models', 'logs': {'log_dir': '/home/sylvain/logs/gradient_tape/runs/candidates', 'use_version': True}, 'clean_empty_models': True, 'n_epochs': 50, 'epoch_save_step': 3, 'learning_rate': 0.01, 'learn_log': 0, 'do_augmentation': 1, 'A': 0.001, 'B': 10.0, 'ensemble_members': 1, 'training_balanced': True, 'resize_spectrogram': True, 'pixels_per_sec': 200, 'spectrogram_overlap': 0.75, 'batch_size': 256, 'do_batch_norm': 1, 'channels': 4, 'num_filters': 64, 'num_dense_units': 128, 'conv_filter_width': 4, 'wiggle_room': 10, 'dropout': 0.5, 'databases_options': {'spectrogram': {'n_fft': 512, 'n_mels': 32, 'sample_rate': 'original', 'to_db': False}}, 'parent_path': 'config/gpu/runs/training_parent.yaml', 'skip_trained': True, 'early_stopping': {'patience': 8, 'min_delta': 0.002}, 'random_start': True, 'num_dense_units2': 0, 'time_mask': True, 'freq_mask': True, 'name': 'DLBDL', 'class': 'dlbd.models.dlbd.DLBD'}",25
22/11/2021 18:58:19,2788.44,2742.29,50,DLBDL_pat10_delta0,"{'trainableParams': 126082, 'nonTrainableParams': 640, 'totalParams': 126722}","{'data_config': 'config/gpu/runs/trim/data_config.yaml', 'id': '_pat{early_stopping--patience}_delta{early_stopping--min_delta}', 'id_prefixes': {'databases_options--spectrogram--n_mels': '_nmels-', 'databases_options--spectrogram--n_fft': 'fft-', 'learning_rate': 'lr-', 'n_epochs': 'epochs-'}, 'databases': ['citynet2', 'nips4b2', 'NABS2', 'arctic_complete2'], 'model_dir': '/home/sylvain/data/results/runs/candidates/models', 'logs': {'log_dir': '/home/sylvain/logs/gradient_tape/runs/candidates', 'use_version': True}, 'clean_empty_models': True, 'n_epochs': 50, 'epoch_save_step': 3, 'learning_rate': 0.01, 'learn_log': 0, 'do_augmentation': 1, 'A': 0.001, 'B': 10.0, 'ensemble_members': 1, 'training_balanced': True, 'resize_spectrogram': True, 'pixels_per_sec': 200, 'spectrogram_overlap': 0.75, 'batch_size': 256, 'do_batch_norm': 1, 'channels': 4, 'num_filters': 64, 'num_dense_units': 128, 'conv_filter_width': 4, 'wiggle_room': 10, 'dropout': 0.5, 'databases_options': {'spectrogram': {'n_fft': 512, 'n_mels': 32, 'sample_rate': 'original', 'to_db': False}}, 'parent_path': 'config/gpu/runs/training_parent.yaml', 'skip_trained': True, 'early_stopping': {'patience': 10, 'min_delta': 0}, 'random_start': True, 'num_dense_units2': 0, 'time_mask': True, 'freq_mask': True, 'name': 'DLBDL', 'class': 'dlbd.models.dlbd.DLBD'}",27
22/11/2021 19:38:24,2404.77,2376.53,50,DLBDL_pat10_delta0.001,"{'trainableParams': 126082, 'nonTrainableParams': 640, 'totalParams': 126722}","{'data_config': 'config/gpu/runs/trim/data_config.yaml', 'id': '_pat{early_stopping--patience}_delta{early_stopping--min_delta}', 'id_prefixes': {'databases_options--spectrogram--n_mels': '_nmels-', 'databases_options--spectrogram--n_fft': 'fft-', 'learning_rate': 'lr-', 'n_epochs': 'epochs-'}, 'databases': ['citynet2', 'nips4b2', 'NABS2', 'arctic_complete2'], 'model_dir': '/home/sylvain/data/results/runs/candidates/models', 'logs': {'log_dir': '/home/sylvain/logs/gradient_tape/runs/candidates', 'use_version': True}, 'clean_empty_models': True, 'n_epochs': 50, 'epoch_save_step': 3, 'learning_rate': 0.01, 'learn_log': 0, 'do_augmentation': 1, 'A': 0.001, 'B': 10.0, 'ensemble_members': 1, 'training_balanced': True, 'resize_spectrogram': True, 'pixels_per_sec': 200, 'spectrogram_overlap': 0.75, 'batch_size': 256, 'do_batch_norm': 1, 'channels': 4, 'num_filters': 64, 'num_dense_units': 128, 'conv_filter_width': 4, 'wiggle_room': 10, 'dropout': 0.5, 'databases_options': {'spectrogram': {'n_fft': 512, 'n_mels': 32, 'sample_rate': 'original', 'to_db': False}}, 'parent_path': 'config/gpu/runs/training_parent.yaml', 'skip_trained': True, 'early_stopping': {'patience': 10, 'min_delta': 0.001}, 'random_start': True, 'num_dense_units2': 0, 'time_mask': True, 'freq_mask': True, 'name': 'DLBDL', 'class': 'dlbd.models.dlbd.DLBD'}",25
22/11/2021 20:29:01,3036.79,3008.51,50,DLBDL_pat10_delta0.002,"{'trainableParams': 126082, 'nonTrainableParams': 640, 'totalParams': 126722}","{'data_config': 'config/gpu/runs/trim/data_config.yaml', 'id': '_pat{early_stopping--patience}_delta{early_stopping--min_delta}', 'id_prefixes': {'databases_options--spectrogram--n_mels': '_nmels-', 'databases_options--spectrogram--n_fft': 'fft-', 'learning_rate': 'lr-', 'n_epochs': 'epochs-'}, 'databases': ['citynet2', 'nips4b2', 'NABS2', 'arctic_complete2'], 'model_dir': '/home/sylvain/data/results/runs/candidates/models', 'logs': {'log_dir': '/home/sylvain/logs/gradient_tape/runs/candidates', 'use_version': True}, 'clean_empty_models': True, 'n_epochs': 50, 'epoch_save_step': 3, 'learning_rate': 0.01, 'learn_log': 0, 'do_augmentation': 1, 'A': 0.001, 'B': 10.0, 'ensemble_members': 1, 'training_balanced': True, 'resize_spectrogram': True, 'pixels_per_sec': 200, 'spectrogram_overlap': 0.75, 'batch_size': 256, 'do_batch_norm': 1, 'channels': 4, 'num_filters': 64, 'num_dense_units': 128, 'conv_filter_width': 4, 'wiggle_room': 10, 'dropout': 0.5, 'databases_options': {'spectrogram': {'n_fft': 512, 'n_mels': 32, 'sample_rate': 'original', 'to_db': False}}, 'parent_path': 'config/gpu/runs/training_parent.yaml', 'skip_trained': True, 'early_stopping': {'patience': 10, 'min_delta': 0.002}, 'random_start': True, 'num_dense_units2': 0, 'time_mask': True, 'freq_mask': True, 'name': 'DLBDL', 'class': 'dlbd.models.dlbd.DLBD'}",32
22/11/2021 20:58:21,1759.93,1731.34,50,DLBDL_dl1-1-2,"{'trainableParams': 126082, 'nonTrainableParams': 640, 'totalParams': 126722}","{'data_config': 'config/gpu/runs/trim/data_config.yaml', 'id': '_dl{dilation_rate}', 'id_prefixes': {'databases_options--spectrogram--n_mels': '_nmels-', 'databases_options--spectrogram--n_fft': 'fft-', 'learning_rate': 'lr-', 'n_epochs': 'epochs-'}, 'databases': ['citynet2', 'nips4b2', 'NABS2', 'arctic_complete2'], 'model_dir': '/home/sylvain/data/results/runs/candidates/models', 'logs': {'log_dir': '/home/sylvain/logs/gradient_tape/runs/candidates', 'use_version': True}, 'clean_empty_models': True, 'n_epochs': 50, 'epoch_save_step': 3, 'learning_rate': 0.01, 'learn_log': 0, 'do_augmentation': 1, 'A': 0.001, 'B': 10.0, 'ensemble_members': 1, 'training_balanced': True, 'resize_spectrogram': True, 'pixels_per_sec': 200, 'spectrogram_overlap': 0.75, 'batch_size': 256, 'do_batch_norm': 1, 'channels': 4, 'num_filters': 64, 'num_dense_units': 128, 'conv_filter_width': 4, 'wiggle_room': 10, 'dropout': 0.5, 'databases_options': {'spectrogram': {'n_fft': 512, 'n_mels': 32, 'sample_rate': 'original', 'to_db': False}}, 'parent_path': 'config/gpu/runs/training_parent.yaml', 'skip_trained': True, 'early_stopping': {'patience': 5, 'min_delta': 0.002}, 'random_start': True, 'num_dense_units2': 0, 'time_mask': True, 'freq_mask': True, 'name': 'DLBDL', 'class': 'dlbd.models.dlbd.DLBD', 'dilation_rate': [1, [1, 2]]}",16
22/11/2021 21:19:41,1279.8,1250.9,50,DLBDL_dl1-2-1,"{'trainableParams': 126082, 'nonTrainableParams': 640, 'totalParams': 126722}","{'data_config': 'config/gpu/runs/trim/data_config.yaml', 'id': '_dl{dilation_rate}', 'id_prefixes': {'databases_options--spectrogram--n_mels': '_nmels-', 'databases_options--spectrogram--n_fft': 'fft-', 'learning_rate': 'lr-', 'n_epochs': 'epochs-'}, 'databases': ['citynet2', 'nips4b2', 'NABS2', 'arctic_complete2'], 'model_dir': '/home/sylvain/data/results/runs/candidates/models', 'logs': {'log_dir': '/home/sylvain/logs/gradient_tape/runs/candidates', 'use_version': True}, 'clean_empty_models': True, 'n_epochs': 50, 'epoch_save_step': 3, 'learning_rate': 0.01, 'learn_log': 0, 'do_augmentation': 1, 'A': 0.001, 'B': 10.0, 'ensemble_members': 1, 'training_balanced': True, 'resize_spectrogram': True, 'pixels_per_sec': 200, 'spectrogram_overlap': 0.75, 'batch_size': 256, 'do_batch_norm': 1, 'channels': 4, 'num_filters': 64, 'num_dense_units': 128, 'conv_filter_width': 4, 'wiggle_room': 10, 'dropout': 0.5, 'databases_options': {'spectrogram': {'n_fft': 512, 'n_mels': 32, 'sample_rate': 'original', 'to_db': False}}, 'parent_path': 'config/gpu/runs/training_parent.yaml', 'skip_trained': True, 'early_stopping': {'patience': 5, 'min_delta': 0.002}, 'random_start': True, 'num_dense_units2': 0, 'time_mask': True, 'freq_mask': True, 'name': 'DLBDL', 'class': 'dlbd.models.dlbd.DLBD', 'dilation_rate': [[1, 2], 1]}",12
22/11/2021 22:08:31,2929.24,2900.54,50,DLBDL_dl1-2-1-2,"{'trainableParams': 126082, 'nonTrainableParams': 640, 'totalParams': 126722}","{'data_config': 'config/gpu/runs/trim/data_config.yaml', 'id': '_dl{dilation_rate}', 'id_prefixes': {'databases_options--spectrogram--n_mels': '_nmels-', 'databases_options--spectrogram--n_fft': 'fft-', 'learning_rate': 'lr-', 'n_epochs': 'epochs-'}, 'databases': ['citynet2', 'nips4b2', 'NABS2', 'arctic_complete2'], 'model_dir': '/home/sylvain/data/results/runs/candidates/models', 'logs': {'log_dir': '/home/sylvain/logs/gradient_tape/runs/candidates', 'use_version': True}, 'clean_empty_models': True, 'n_epochs': 50, 'epoch_save_step': 3, 'learning_rate': 0.01, 'learn_log': 0, 'do_augmentation': 1, 'A': 0.001, 'B': 10.0, 'ensemble_members': 1, 'training_balanced': True, 'resize_spectrogram': True, 'pixels_per_sec': 200, 'spectrogram_overlap': 0.75, 'batch_size': 256, 'do_batch_norm': 1, 'channels': 4, 'num_filters': 64, 'num_dense_units': 128, 'conv_filter_width': 4, 'wiggle_room': 10, 'dropout': 0.5, 'databases_options': {'spectrogram': {'n_fft': 512, 'n_mels': 32, 'sample_rate': 'original', 'to_db': False}}, 'parent_path': 'config/gpu/runs/training_parent.yaml', 'skip_trained': True, 'early_stopping': {'patience': 5, 'min_delta': 0.002}, 'random_start': True, 'num_dense_units2': 0, 'time_mask': True, 'freq_mask': True, 'name': 'DLBDL', 'class': 'dlbd.models.dlbd.DLBD', 'dilation_rate': [[1, 2], [1, 2]]}",26
22/11/2021 22:31:18,1367.12,1338.81,50,DLBDL_original_lr-0.01_epochs-50,"{'trainableParams': 126082, 'nonTrainableParams': 640, 'totalParams': 126722}","{'data_config': 'config/gpu/runs/trim/data_config.yaml', 'id': '_{learning_rate}_{n_epochs}', 'id_prefixes': {'databases_options--spectrogram--n_mels': '_nmels-', 'databases_options--spectrogram--n_fft': 'fft-', 'learning_rate': 'lr-', 'n_epochs': 'epochs-'}, 'databases': ['citynet2', 'nips4b2', 'NABS2', 'arctic_complete2'], 'model_dir': '/home/sylvain/data/results/runs/candidates/models', 'logs': {'log_dir': '/home/sylvain/logs/gradient_tape/runs/candidates', 'use_version': True}, 'clean_empty_models': True, 'n_epochs': 50, 'epoch_save_step': 3, 'learning_rate': 0.01, 'learn_log': 0, 'do_augmentation': 1, 'A': 0.001, 'B': 10.0, 'ensemble_members': 1, 'training_balanced': True, 'resize_spectrogram': True, 'pixels_per_sec': 200, 'spectrogram_overlap': 0.75, 'batch_size': 256, 'do_batch_norm': 1, 'channels': 4, 'num_filters': 64, 'num_dense_units': 128, 'conv_filter_width': 4, 'wiggle_room': 10, 'dropout': 0.5, 'databases_options': {'spectrogram': {'n_fft': 512, 'n_mels': 32, 'sample_rate': 'original', 'to_db': False}}, 'parent_path': 'config/gpu/runs/training_parent.yaml', 'skip_trained': True, 'early_stopping': {'patience': 5, 'min_delta': 0.002}, 'random_start': True, 'num_dense_units2': 0, 'time_mask': True, 'freq_mask': True, 'name': 'DLBDL_original', 'class': 'dlbd.models.dlbd.DLBD'}",14
23/11/2021 14:29:17,1593.96,1565.64,50,DLBDL_dl1-2_1_pat5_delta0_lr-0.01_epochs-50,"{'trainableParams': 126082, 'nonTrainableParams': 640, 'totalParams': 126722}","{'data_config': 'config/gpu/runs/trim/data_config.yaml', 'id': '_{learning_rate}_{n_epochs}', 'id_prefixes': {'databases_options--spectrogram--n_mels': '_nmels-', 'databases_options--spectrogram--n_fft': 'fft-', 'learning_rate': 'lr-', 'n_epochs': 'epochs-'}, 'databases': ['citynet2', 'nips4b2', 'NABS2', 'arctic_complete2'], 'model_dir': '/home/sylvain/data/results/runs/candidates/models', 'logs': {'log_dir': '/home/sylvain/logs/gradient_tape/runs/candidates', 'use_version': True}, 'clean_empty_models': True, 'n_epochs': 50, 'epoch_save_step': 3, 'learning_rate': 0.01, 'learn_log': 0, 'do_augmentation': 1, 'A': 0.001, 'B': 10.0, 'ensemble_members': 1, 'training_balanced': True, 'resize_spectrogram': True, 'pixels_per_sec': 200, 'spectrogram_overlap': 0.75, 'batch_size': 256, 'do_batch_norm': 1, 'channels': 4, 'num_filters': 64, 'num_dense_units': 128, 'conv_filter_width': 4, 'wiggle_room': 10, 'dropout': 0.5, 'databases_options': {'spectrogram': {'n_fft': 512, 'n_mels': 32, 'sample_rate': 'original', 'to_db': False}}, 'parent_path': 'config/gpu/runs/training_parent.yaml', 'skip_trained': True, 'early_stopping': {'patience': 5, 'min_delta': 0}, 'random_start': True, 'num_dense_units2': 0, 'time_mask': True, 'freq_mask': True, 'name': 'DLBDL_dl1-2_1_pat5_delta0', 'class': 'dlbd.models.dlbd.DLBD', 'dilation_rate': [[1, 2], 1]}",15
23/11/2021 15:34:42,2195.28,2167.05,50,DLBDL_dl1-2_1_pat5_restoreTrue,"{'trainableParams': 126082, 'nonTrainableParams': 640, 'totalParams': 126722}","{'data_config': 'config/gpu/runs/trim/data_config.yaml', 'id': '_pat{early_stopping--patience}_restore{early_stopping--restore_best_weights}', 'id_prefixes': {'databases_options--spectrogram--n_mels': '_nmels-', 'databases_options--spectrogram--n_fft': 'fft-', 'learning_rate': 'lr-', 'n_epochs': 'epochs-'}, 'databases': ['citynet2', 'nips4b2', 'NABS2', 'arctic_complete2'], 'model_dir': '/home/sylvain/data/results/runs/candidates/models', 'logs': {'log_dir': '/home/sylvain/logs/gradient_tape/runs/candidates', 'use_version': True}, 'clean_empty_models': True, 'n_epochs': 50, 'epoch_save_step': 3, 'learning_rate': 0.01, 'learn_log': 0, 'do_augmentation': 1, 'A': 0.001, 'B': 10.0, 'ensemble_members': 1, 'training_balanced': True, 'resize_spectrogram': True, 'pixels_per_sec': 200, 'spectrogram_overlap': 0.75, 'batch_size': 256, 'do_batch_norm': 1, 'channels': 4, 'num_filters': 64, 'num_dense_units': 128, 'conv_filter_width': 4, 'wiggle_room': 10, 'dropout': 0.5, 'databases_options': {'spectrogram': {'n_fft': 512, 'n_mels': 32, 'sample_rate': 'original', 'to_db': False}}, 'parent_path': 'config/gpu/runs/training_parent.yaml', 'skip_trained': True, 'early_stopping': {'patience': 5, 'min_delta': 0.001, 'restore_best_weights': True}, 'random_start': True, 'num_dense_units2': 0, 'time_mask': True, 'freq_mask': True, 'name': 'DLBDL_dl1-2_1', 'class': 'dlbd.models.dlbd.DLBD', 'dilation_rate': [[1, 2], 1]}",21
23/11/2021 16:17:49,2586.49,2559.47,50,DLBDL_dl1-2_1_pat5_restoreFalse,"{'trainableParams': 126082, 'nonTrainableParams': 640, 'totalParams': 126722}","{'data_config': 'config/gpu/runs/trim/data_config.yaml', 'id': '_pat{early_stopping--patience}_restore{early_stopping--restore_best_weights}', 'id_prefixes': {'databases_options--spectrogram--n_mels': '_nmels-', 'databases_options--spectrogram--n_fft': 'fft-', 'learning_rate': 'lr-', 'n_epochs': 'epochs-'}, 'databases': ['citynet2', 'nips4b2', 'NABS2', 'arctic_complete2'], 'model_dir': '/home/sylvain/data/results/runs/candidates/models', 'logs': {'log_dir': '/home/sylvain/logs/gradient_tape/runs/candidates', 'use_version': True}, 'clean_empty_models': True, 'n_epochs': 50, 'epoch_save_step': 3, 'learning_rate': 0.01, 'learn_log': 0, 'do_augmentation': 1, 'A': 0.001, 'B': 10.0, 'ensemble_members': 1, 'training_balanced': True, 'resize_spectrogram': True, 'pixels_per_sec': 200, 'spectrogram_overlap': 0.75, 'batch_size': 256, 'do_batch_norm': 1, 'channels': 4, 'num_filters': 64, 'num_dense_units': 128, 'conv_filter_width': 4, 'wiggle_room': 10, 'dropout': 0.5, 'databases_options': {'spectrogram': {'n_fft': 512, 'n_mels': 32, 'sample_rate': 'original', 'to_db': False}}, 'parent_path': 'config/gpu/runs/training_parent.yaml', 'skip_trained': True, 'early_stopping': {'patience': 5, 'min_delta': 0.001, 'restore_best_weights': False}, 'random_start': True, 'num_dense_units2': 0, 'time_mask': True, 'freq_mask': True, 'name': 'DLBDL_dl1-2_1', 'class': 'dlbd.models.dlbd.DLBD', 'dilation_rate': [[1, 2], 1]}",25
23/11/2021 16:55:36,2267.63,2240.68,50,DLBDL_dl1-2_1_pat8_restoreTrue,"{'trainableParams': 126082, 'nonTrainableParams': 640, 'totalParams': 126722}","{'data_config': 'config/gpu/runs/trim/data_config.yaml', 'id': '_pat{early_stopping--patience}_restore{early_stopping--restore_best_weights}', 'id_prefixes': {'databases_options--spectrogram--n_mels': '_nmels-', 'databases_options--spectrogram--n_fft': 'fft-', 'learning_rate': 'lr-', 'n_epochs': 'epochs-'}, 'databases': ['citynet2', 'nips4b2', 'NABS2', 'arctic_complete2'], 'model_dir': '/home/sylvain/data/results/runs/candidates/models', 'logs': {'log_dir': '/home/sylvain/logs/gradient_tape/runs/candidates', 'use_version': True}, 'clean_empty_models': True, 'n_epochs': 50, 'epoch_save_step': 3, 'learning_rate': 0.01, 'learn_log': 0, 'do_augmentation': 1, 'A': 0.001, 'B': 10.0, 'ensemble_members': 1, 'training_balanced': True, 'resize_spectrogram': True, 'pixels_per_sec': 200, 'spectrogram_overlap': 0.75, 'batch_size': 256, 'do_batch_norm': 1, 'channels': 4, 'num_filters': 64, 'num_dense_units': 128, 'conv_filter_width': 4, 'wiggle_room': 10, 'dropout': 0.5, 'databases_options': {'spectrogram': {'n_fft': 512, 'n_mels': 32, 'sample_rate': 'original', 'to_db': False}}, 'parent_path': 'config/gpu/runs/training_parent.yaml', 'skip_trained': True, 'early_stopping': {'patience': 8, 'min_delta': 0.001, 'restore_best_weights': True}, 'random_start': True, 'num_dense_units2': 0, 'time_mask': True, 'freq_mask': True, 'name': 'DLBDL_dl1-2_1', 'class': 'dlbd.models.dlbd.DLBD', 'dilation_rate': [[1, 2], 1]}",22
23/11/2021 17:38:47,2590.6,2562.98,50,DLBDL_dl1-2_1_pat8_restoreFalse,"{'trainableParams': 126082, 'nonTrainableParams': 640, 'totalParams': 126722}","{'data_config': 'config/gpu/runs/trim/data_config.yaml', 'id': '_pat{early_stopping--patience}_restore{early_stopping--restore_best_weights}', 'id_prefixes': {'databases_options--spectrogram--n_mels': '_nmels-', 'databases_options--spectrogram--n_fft': 'fft-', 'learning_rate': 'lr-', 'n_epochs': 'epochs-'}, 'databases': ['citynet2', 'nips4b2', 'NABS2', 'arctic_complete2'], 'model_dir': '/home/sylvain/data/results/runs/candidates/models', 'logs': {'log_dir': '/home/sylvain/logs/gradient_tape/runs/candidates', 'use_version': True}, 'clean_empty_models': True, 'n_epochs': 50, 'epoch_save_step': 3, 'learning_rate': 0.01, 'learn_log': 0, 'do_augmentation': 1, 'A': 0.001, 'B': 10.0, 'ensemble_members': 1, 'training_balanced': True, 'resize_spectrogram': True, 'pixels_per_sec': 200, 'spectrogram_overlap': 0.75, 'batch_size': 256, 'do_batch_norm': 1, 'channels': 4, 'num_filters': 64, 'num_dense_units': 128, 'conv_filter_width': 4, 'wiggle_room': 10, 'dropout': 0.5, 'databases_options': {'spectrogram': {'n_fft': 512, 'n_mels': 32, 'sample_rate': 'original', 'to_db': False}}, 'parent_path': 'config/gpu/runs/training_parent.yaml', 'skip_trained': True, 'early_stopping': {'patience': 8, 'min_delta': 0.001, 'restore_best_weights': False}, 'random_start': True, 'num_dense_units2': 0, 'time_mask': True, 'freq_mask': True, 'name': 'DLBDL_dl1-2_1', 'class': 'dlbd.models.dlbd.DLBD', 'dilation_rate': [[1, 2], 1]}",25
24/11/2021 11:18:42,1294.07,1265.85,50,DLBDL_dl1-2_1_pat5_restoreTrue_delta0.001,"{'trainableParams': 126082, 'nonTrainableParams': 640, 'totalParams': 126722}","{'data_config': 'config/gpu/runs/trim/data_config.yaml', 'id': '_pat{early_stopping--patience}_restore{early_stopping--restore_best_weights}_delta{early_stopping--min_delta}', 'id_prefixes': {'databases_options--spectrogram--n_mels': '_nmels-', 'databases_options--spectrogram--n_fft': 'fft-', 'learning_rate': 'lr-', 'n_epochs': 'epochs-'}, 'databases': ['citynet2', 'nips4b2', 'NABS2', 'arctic_complete2'], 'model_dir': '/home/sylvain/data/results/runs/candidates/models', 'logs': {'log_dir': '/home/sylvain/logs/gradient_tape/runs/candidates', 'use_version': True}, 'clean_empty_models': True, 'n_epochs': 50, 'epoch_save_step': 3, 'learning_rate': 0.01, 'learn_log': 0, 'do_augmentation': 1, 'A': 0.001, 'B': 10.0, 'ensemble_members': 1, 'training_balanced': True, 'resize_spectrogram': True, 'pixels_per_sec': 200, 'spectrogram_overlap': 0.75, 'batch_size': 256, 'do_batch_norm': 1, 'channels': 4, 'num_filters': 64, 'num_dense_units': 128, 'conv_filter_width': 4, 'wiggle_room': 10, 'dropout': 0.5, 'databases_options': {'spectrogram': {'n_fft': 512, 'n_mels': 32, 'sample_rate': 'original', 'to_db': False}}, 'parent_path': 'config/gpu/runs/training_parent.yaml', 'skip_trained': True, 'early_stopping': {'patience': 5, 'min_delta': 0.001, 'restore_best_weights': True}, 'random_start': True, 'num_dense_units2': 0, 'time_mask': True, 'freq_mask': True, 'name': 'DLBDL_dl1-2_1', 'class': 'dlbd.models.dlbd.DLBD', 'dilation_rate': [[1, 2], 1]}",12
24/11/2021 11:50:14,1891.56,1864.61,50,DLBDL_dl1-2_1_pat5_restoreFalse_delta0.001,"{'trainableParams': 126082, 'nonTrainableParams': 640, 'totalParams': 126722}","{'data_config': 'config/gpu/runs/trim/data_config.yaml', 'id': '_pat{early_stopping--patience}_restore{early_stopping--restore_best_weights}_delta{early_stopping--min_delta}', 'id_prefixes': {'databases_options--spectrogram--n_mels': '_nmels-', 'databases_options--spectrogram--n_fft': 'fft-', 'learning_rate': 'lr-', 'n_epochs': 'epochs-'}, 'databases': ['citynet2', 'nips4b2', 'NABS2', 'arctic_complete2'], 'model_dir': '/home/sylvain/data/results/runs/candidates/models', 'logs': {'log_dir': '/home/sylvain/logs/gradient_tape/runs/candidates', 'use_version': True}, 'clean_empty_models': True, 'n_epochs': 50, 'epoch_save_step': 3, 'learning_rate': 0.01, 'learn_log': 0, 'do_augmentation': 1, 'A': 0.001, 'B': 10.0, 'ensemble_members': 1, 'training_balanced': True, 'resize_spectrogram': True, 'pixels_per_sec': 200, 'spectrogram_overlap': 0.75, 'batch_size': 256, 'do_batch_norm': 1, 'channels': 4, 'num_filters': 64, 'num_dense_units': 128, 'conv_filter_width': 4, 'wiggle_room': 10, 'dropout': 0.5, 'databases_options': {'spectrogram': {'n_fft': 512, 'n_mels': 32, 'sample_rate': 'original', 'to_db': False}}, 'parent_path': 'config/gpu/runs/training_parent.yaml', 'skip_trained': True, 'early_stopping': {'patience': 5, 'min_delta': 0.001, 'restore_best_weights': False}, 'random_start': True, 'num_dense_units2': 0, 'time_mask': True, 'freq_mask': True, 'name': 'DLBDL_dl1-2_1', 'class': 'dlbd.models.dlbd.DLBD', 'dilation_rate': [[1, 2], 1]}",18
24/11/2021 12:18:18,1684.06,1656.6,50,DLBDL_dl1-2_1_pat5_restoreTrue_delta0.002,"{'trainableParams': 126082, 'nonTrainableParams': 640, 'totalParams': 126722}","{'data_config': 'config/gpu/runs/trim/data_config.yaml', 'id': '_pat{early_stopping--patience}_restore{early_stopping--restore_best_weights}_delta{early_stopping--min_delta}', 'id_prefixes': {'databases_options--spectrogram--n_mels': '_nmels-', 'databases_options--spectrogram--n_fft': 'fft-', 'learning_rate': 'lr-', 'n_epochs': 'epochs-'}, 'databases': ['citynet2', 'nips4b2', 'NABS2', 'arctic_complete2'], 'model_dir': '/home/sylvain/data/results/runs/candidates/models', 'logs': {'log_dir': '/home/sylvain/logs/gradient_tape/runs/candidates', 'use_version': True}, 'clean_empty_models': True, 'n_epochs': 50, 'epoch_save_step': 3, 'learning_rate': 0.01, 'learn_log': 0, 'do_augmentation': 1, 'A': 0.001, 'B': 10.0, 'ensemble_members': 1, 'training_balanced': True, 'resize_spectrogram': True, 'pixels_per_sec': 200, 'spectrogram_overlap': 0.75, 'batch_size': 256, 'do_batch_norm': 1, 'channels': 4, 'num_filters': 64, 'num_dense_units': 128, 'conv_filter_width': 4, 'wiggle_room': 10, 'dropout': 0.5, 'databases_options': {'spectrogram': {'n_fft': 512, 'n_mels': 32, 'sample_rate': 'original', 'to_db': False}}, 'parent_path': 'config/gpu/runs/training_parent.yaml', 'skip_trained': True, 'early_stopping': {'patience': 5, 'min_delta': 0.002, 'restore_best_weights': True}, 'random_start': True, 'num_dense_units2': 0, 'time_mask': True, 'freq_mask': True, 'name': 'DLBDL_dl1-2_1', 'class': 'dlbd.models.dlbd.DLBD', 'dilation_rate': [[1, 2], 1]}",16
24/11/2021 12:43:39,1520.8,1492.8,50,DLBDL_dl1-2_1_pat5_restoreFalse_delta0.002,"{'trainableParams': 126082, 'nonTrainableParams': 640, 'totalParams': 126722}","{'data_config': 'config/gpu/runs/trim/data_config.yaml', 'id': '_pat{early_stopping--patience}_restore{early_stopping--restore_best_weights}_delta{early_stopping--min_delta}', 'id_prefixes': {'databases_options--spectrogram--n_mels': '_nmels-', 'databases_options--spectrogram--n_fft': 'fft-', 'learning_rate': 'lr-', 'n_epochs': 'epochs-'}, 'databases': ['citynet2', 'nips4b2', 'NABS2', 'arctic_complete2'], 'model_dir': '/home/sylvain/data/results/runs/candidates/models', 'logs': {'log_dir': '/home/sylvain/logs/gradient_tape/runs/candidates', 'use_version': True}, 'clean_empty_models': True, 'n_epochs': 50, 'epoch_save_step': 3, 'learning_rate': 0.01, 'learn_log': 0, 'do_augmentation': 1, 'A': 0.001, 'B': 10.0, 'ensemble_members': 1, 'training_balanced': True, 'resize_spectrogram': True, 'pixels_per_sec': 200, 'spectrogram_overlap': 0.75, 'batch_size': 256, 'do_batch_norm': 1, 'channels': 4, 'num_filters': 64, 'num_dense_units': 128, 'conv_filter_width': 4, 'wiggle_room': 10, 'dropout': 0.5, 'databases_options': {'spectrogram': {'n_fft': 512, 'n_mels': 32, 'sample_rate': 'original', 'to_db': False}}, 'parent_path': 'config/gpu/runs/training_parent.yaml', 'skip_trained': True, 'early_stopping': {'patience': 5, 'min_delta': 0.002, 'restore_best_weights': False}, 'random_start': True, 'num_dense_units2': 0, 'time_mask': True, 'freq_mask': True, 'name': 'DLBDL_dl1-2_1', 'class': 'dlbd.models.dlbd.DLBD', 'dilation_rate': [[1, 2], 1]}",14
24/11/2021 13:14:14,1834.5,1806.21,50,DLBDL_dl1-2_1_pat5_restoreTrue_delta0.004,"{'trainableParams': 126082, 'nonTrainableParams': 640, 'totalParams': 126722}","{'data_config': 'config/gpu/runs/trim/data_config.yaml', 'id': '_pat{early_stopping--patience}_restore{early_stopping--restore_best_weights}_delta{early_stopping--min_delta}', 'id_prefixes': {'databases_options--spectrogram--n_mels': '_nmels-', 'databases_options--spectrogram--n_fft': 'fft-', 'learning_rate': 'lr-', 'n_epochs': 'epochs-'}, 'databases': ['citynet2', 'nips4b2', 'NABS2', 'arctic_complete2'], 'model_dir': '/home/sylvain/data/results/runs/candidates/models', 'logs': {'log_dir': '/home/sylvain/logs/gradient_tape/runs/candidates', 'use_version': True}, 'clean_empty_models': True, 'n_epochs': 50, 'epoch_save_step': 3, 'learning_rate': 0.01, 'learn_log': 0, 'do_augmentation': 1, 'A': 0.001, 'B': 10.0, 'ensemble_members': 1, 'training_balanced': True, 'resize_spectrogram': True, 'pixels_per_sec': 200, 'spectrogram_overlap': 0.75, 'batch_size': 256, 'do_batch_norm': 1, 'channels': 4, 'num_filters': 64, 'num_dense_units': 128, 'conv_filter_width': 4, 'wiggle_room': 10, 'dropout': 0.5, 'databases_options': {'spectrogram': {'n_fft': 512, 'n_mels': 32, 'sample_rate': 'original', 'to_db': False}}, 'parent_path': 'config/gpu/runs/training_parent.yaml', 'skip_trained': True, 'early_stopping': {'patience': 5, 'min_delta': 0.004, 'restore_best_weights': True}, 'random_start': True, 'num_dense_units2': 0, 'time_mask': True, 'freq_mask': True, 'name': 'DLBDL_dl1-2_1', 'class': 'dlbd.models.dlbd.DLBD', 'dilation_rate': [[1, 2], 1]}",17
24/11/2021 13:42:57,1723.04,1692.04,50,DLBDL_dl1-2_1_pat5_restoreFalse_delta0.004,"{'trainableParams': 126082, 'nonTrainableParams': 640, 'totalParams': 126722}","{'data_config': 'config/gpu/runs/trim/data_config.yaml', 'id': '_pat{early_stopping--patience}_restore{early_stopping--restore_best_weights}_delta{early_stopping--min_delta}', 'id_prefixes': {'databases_options--spectrogram--n_mels': '_nmels-', 'databases_options--spectrogram--n_fft': 'fft-', 'learning_rate': 'lr-', 'n_epochs': 'epochs-'}, 'databases': ['citynet2', 'nips4b2', 'NABS2', 'arctic_complete2'], 'model_dir': '/home/sylvain/data/results/runs/candidates/models', 'logs': {'log_dir': '/home/sylvain/logs/gradient_tape/runs/candidates', 'use_version': True}, 'clean_empty_models': True, 'n_epochs': 50, 'epoch_save_step': 3, 'learning_rate': 0.01, 'learn_log': 0, 'do_augmentation': 1, 'A': 0.001, 'B': 10.0, 'ensemble_members': 1, 'training_balanced': True, 'resize_spectrogram': True, 'pixels_per_sec': 200, 'spectrogram_overlap': 0.75, 'batch_size': 256, 'do_batch_norm': 1, 'channels': 4, 'num_filters': 64, 'num_dense_units': 128, 'conv_filter_width': 4, 'wiggle_room': 10, 'dropout': 0.5, 'databases_options': {'spectrogram': {'n_fft': 512, 'n_mels': 32, 'sample_rate': 'original', 'to_db': False}}, 'parent_path': 'config/gpu/runs/training_parent.yaml', 'skip_trained': True, 'early_stopping': {'patience': 5, 'min_delta': 0.004, 'restore_best_weights': False}, 'random_start': True, 'num_dense_units2': 0, 'time_mask': True, 'freq_mask': True, 'name': 'DLBDL_dl1-2_1', 'class': 'dlbd.models.dlbd.DLBD', 'dilation_rate': [[1, 2], 1]}",16
24/11/2021 14:23:14,2416.8,2389.26,50,DLBDL_dl1-2_1_pat8_restoreTrue_delta0.001,"{'trainableParams': 126082, 'nonTrainableParams': 640, 'totalParams': 126722}","{'data_config': 'config/gpu/runs/trim/data_config.yaml', 'id': '_pat{early_stopping--patience}_restore{early_stopping--restore_best_weights}_delta{early_stopping--min_delta}', 'id_prefixes': {'databases_options--spectrogram--n_mels': '_nmels-', 'databases_options--spectrogram--n_fft': 'fft-', 'learning_rate': 'lr-', 'n_epochs': 'epochs-'}, 'databases': ['citynet2', 'nips4b2', 'NABS2', 'arctic_complete2'], 'model_dir': '/home/sylvain/data/results/runs/candidates/models', 'logs': {'log_dir': '/home/sylvain/logs/gradient_tape/runs/candidates', 'use_version': True}, 'clean_empty_models': True, 'n_epochs': 50, 'epoch_save_step': 3, 'learning_rate': 0.01, 'learn_log': 0, 'do_augmentation': 1, 'A': 0.001, 'B': 10.0, 'ensemble_members': 1, 'training_balanced': True, 'resize_spectrogram': True, 'pixels_per_sec': 200, 'spectrogram_overlap': 0.75, 'batch_size': 256, 'do_batch_norm': 1, 'channels': 4, 'num_filters': 64, 'num_dense_units': 128, 'conv_filter_width': 4, 'wiggle_room': 10, 'dropout': 0.5, 'databases_options': {'spectrogram': {'n_fft': 512, 'n_mels': 32, 'sample_rate': 'original', 'to_db': False}}, 'parent_path': 'config/gpu/runs/training_parent.yaml', 'skip_trained': True, 'early_stopping': {'patience': 8, 'min_delta': 0.001, 'restore_best_weights': True}, 'random_start': True, 'num_dense_units2': 0, 'time_mask': True, 'freq_mask': True, 'name': 'DLBDL_dl1-2_1', 'class': 'dlbd.models.dlbd.DLBD', 'dilation_rate': [[1, 2], 1]}",23
24/11/2021 14:53:31,1816.76,1788.85,50,DLBDL_dl1-2_1_pat8_restoreFalse_delta0.001,"{'trainableParams': 126082, 'nonTrainableParams': 640, 'totalParams': 126722}","{'data_config': 'config/gpu/runs/trim/data_config.yaml', 'id': '_pat{early_stopping--patience}_restore{early_stopping--restore_best_weights}_delta{early_stopping--min_delta}', 'id_prefixes': {'databases_options--spectrogram--n_mels': '_nmels-', 'databases_options--spectrogram--n_fft': 'fft-', 'learning_rate': 'lr-', 'n_epochs': 'epochs-'}, 'databases': ['citynet2', 'nips4b2', 'NABS2', 'arctic_complete2'], 'model_dir': '/home/sylvain/data/results/runs/candidates/models', 'logs': {'log_dir': '/home/sylvain/logs/gradient_tape/runs/candidates', 'use_version': True}, 'clean_empty_models': True, 'n_epochs': 50, 'epoch_save_step': 3, 'learning_rate': 0.01, 'learn_log': 0, 'do_augmentation': 1, 'A': 0.001, 'B': 10.0, 'ensemble_members': 1, 'training_balanced': True, 'resize_spectrogram': True, 'pixels_per_sec': 200, 'spectrogram_overlap': 0.75, 'batch_size': 256, 'do_batch_norm': 1, 'channels': 4, 'num_filters': 64, 'num_dense_units': 128, 'conv_filter_width': 4, 'wiggle_room': 10, 'dropout': 0.5, 'databases_options': {'spectrogram': {'n_fft': 512, 'n_mels': 32, 'sample_rate': 'original', 'to_db': False}}, 'parent_path': 'config/gpu/runs/training_parent.yaml', 'skip_trained': True, 'early_stopping': {'patience': 8, 'min_delta': 0.001, 'restore_best_weights': False}, 'random_start': True, 'num_dense_units2': 0, 'time_mask': True, 'freq_mask': True, 'name': 'DLBDL_dl1-2_1', 'class': 'dlbd.models.dlbd.DLBD', 'dilation_rate': [[1, 2], 1]}",17
24/11/2021 15:35:56,2545.65,2517.7,50,DLBDL_dl1-2_1_pat8_restoreTrue_delta0.002,"{'trainableParams': 126082, 'nonTrainableParams': 640, 'totalParams': 126722}","{'data_config': 'config/gpu/runs/trim/data_config.yaml', 'id': '_pat{early_stopping--patience}_restore{early_stopping--restore_best_weights}_delta{early_stopping--min_delta}', 'id_prefixes': {'databases_options--spectrogram--n_mels': '_nmels-', 'databases_options--spectrogram--n_fft': 'fft-', 'learning_rate': 'lr-', 'n_epochs': 'epochs-'}, 'databases': ['citynet2', 'nips4b2', 'NABS2', 'arctic_complete2'], 'model_dir': '/home/sylvain/data/results/runs/candidates/models', 'logs': {'log_dir': '/home/sylvain/logs/gradient_tape/runs/candidates', 'use_version': True}, 'clean_empty_models': True, 'n_epochs': 50, 'epoch_save_step': 3, 'learning_rate': 0.01, 'learn_log': 0, 'do_augmentation': 1, 'A': 0.001, 'B': 10.0, 'ensemble_members': 1, 'training_balanced': True, 'resize_spectrogram': True, 'pixels_per_sec': 200, 'spectrogram_overlap': 0.75, 'batch_size': 256, 'do_batch_norm': 1, 'channels': 4, 'num_filters': 64, 'num_dense_units': 128, 'conv_filter_width': 4, 'wiggle_room': 10, 'dropout': 0.5, 'databases_options': {'spectrogram': {'n_fft': 512, 'n_mels': 32, 'sample_rate': 'original', 'to_db': False}}, 'parent_path': 'config/gpu/runs/training_parent.yaml', 'skip_trained': True, 'early_stopping': {'patience': 8, 'min_delta': 0.002, 'restore_best_weights': True}, 'random_start': True, 'num_dense_units2': 0, 'time_mask': True, 'freq_mask': True, 'name': 'DLBDL_dl1-2_1', 'class': 'dlbd.models.dlbd.DLBD', 'dilation_rate': [[1, 2], 1]}",24
24/11/2021 16:16:56,2459.56,2431.33,50,DLBDL_dl1-2_1_pat8_restoreFalse_delta0.002,"{'trainableParams': 126082, 'nonTrainableParams': 640, 'totalParams': 126722}","{'data_config': 'config/gpu/runs/trim/data_config.yaml', 'id': '_pat{early_stopping--patience}_restore{early_stopping--restore_best_weights}_delta{early_stopping--min_delta}', 'id_prefixes': {'databases_options--spectrogram--n_mels': '_nmels-', 'databases_options--spectrogram--n_fft': 'fft-', 'learning_rate': 'lr-', 'n_epochs': 'epochs-'}, 'databases': ['citynet2', 'nips4b2', 'NABS2', 'arctic_complete2'], 'model_dir': '/home/sylvain/data/results/runs/candidates/models', 'logs': {'log_dir': '/home/sylvain/logs/gradient_tape/runs/candidates', 'use_version': True}, 'clean_empty_models': True, 'n_epochs': 50, 'epoch_save_step': 3, 'learning_rate': 0.01, 'learn_log': 0, 'do_augmentation': 1, 'A': 0.001, 'B': 10.0, 'ensemble_members': 1, 'training_balanced': True, 'resize_spectrogram': True, 'pixels_per_sec': 200, 'spectrogram_overlap': 0.75, 'batch_size': 256, 'do_batch_norm': 1, 'channels': 4, 'num_filters': 64, 'num_dense_units': 128, 'conv_filter_width': 4, 'wiggle_room': 10, 'dropout': 0.5, 'databases_options': {'spectrogram': {'n_fft': 512, 'n_mels': 32, 'sample_rate': 'original', 'to_db': False}}, 'parent_path': 'config/gpu/runs/training_parent.yaml', 'skip_trained': True, 'early_stopping': {'patience': 8, 'min_delta': 0.002, 'restore_best_weights': False}, 'random_start': True, 'num_dense_units2': 0, 'time_mask': True, 'freq_mask': True, 'name': 'DLBDL_dl1-2_1', 'class': 'dlbd.models.dlbd.DLBD', 'dilation_rate': [[1, 2], 1]}",23
24/11/2021 16:59:41,2564.54,2536.36,50,DLBDL_dl1-2_1_pat8_restoreTrue_delta0.004,"{'trainableParams': 126082, 'nonTrainableParams': 640, 'totalParams': 126722}","{'data_config': 'config/gpu/runs/trim/data_config.yaml', 'id': '_pat{early_stopping--patience}_restore{early_stopping--restore_best_weights}_delta{early_stopping--min_delta}', 'id_prefixes': {'databases_options--spectrogram--n_mels': '_nmels-', 'databases_options--spectrogram--n_fft': 'fft-', 'learning_rate': 'lr-', 'n_epochs': 'epochs-'}, 'databases': ['citynet2', 'nips4b2', 'NABS2', 'arctic_complete2'], 'model_dir': '/home/sylvain/data/results/runs/candidates/models', 'logs': {'log_dir': '/home/sylvain/logs/gradient_tape/runs/candidates', 'use_version': True}, 'clean_empty_models': True, 'n_epochs': 50, 'epoch_save_step': 3, 'learning_rate': 0.01, 'learn_log': 0, 'do_augmentation': 1, 'A': 0.001, 'B': 10.0, 'ensemble_members': 1, 'training_balanced': True, 'resize_spectrogram': True, 'pixels_per_sec': 200, 'spectrogram_overlap': 0.75, 'batch_size': 256, 'do_batch_norm': 1, 'channels': 4, 'num_filters': 64, 'num_dense_units': 128, 'conv_filter_width': 4, 'wiggle_room': 10, 'dropout': 0.5, 'databases_options': {'spectrogram': {'n_fft': 512, 'n_mels': 32, 'sample_rate': 'original', 'to_db': False}}, 'parent_path': 'config/gpu/runs/training_parent.yaml', 'skip_trained': True, 'early_stopping': {'patience': 8, 'min_delta': 0.004, 'restore_best_weights': True}, 'random_start': True, 'num_dense_units2': 0, 'time_mask': True, 'freq_mask': True, 'name': 'DLBDL_dl1-2_1', 'class': 'dlbd.models.dlbd.DLBD', 'dilation_rate': [[1, 2], 1]}",24
24/11/2021 17:44:08,2666.48,2637.8,50,DLBDL_dl1-2_1_pat8_restoreFalse_delta0.004,"{'trainableParams': 126082, 'nonTrainableParams': 640, 'totalParams': 126722}","{'data_config': 'config/gpu/runs/trim/data_config.yaml', 'id': '_pat{early_stopping--patience}_restore{early_stopping--restore_best_weights}_delta{early_stopping--min_delta}', 'id_prefixes': {'databases_options--spectrogram--n_mels': '_nmels-', 'databases_options--spectrogram--n_fft': 'fft-', 'learning_rate': 'lr-', 'n_epochs': 'epochs-'}, 'databases': ['citynet2', 'nips4b2', 'NABS2', 'arctic_complete2'], 'model_dir': '/home/sylvain/data/results/runs/candidates/models', 'logs': {'log_dir': '/home/sylvain/logs/gradient_tape/runs/candidates', 'use_version': True}, 'clean_empty_models': True, 'n_epochs': 50, 'epoch_save_step': 3, 'learning_rate': 0.01, 'learn_log': 0, 'do_augmentation': 1, 'A': 0.001, 'B': 10.0, 'ensemble_members': 1, 'training_balanced': True, 'resize_spectrogram': True, 'pixels_per_sec': 200, 'spectrogram_overlap': 0.75, 'batch_size': 256, 'do_batch_norm': 1, 'channels': 4, 'num_filters': 64, 'num_dense_units': 128, 'conv_filter_width': 4, 'wiggle_room': 10, 'dropout': 0.5, 'databases_options': {'spectrogram': {'n_fft': 512, 'n_mels': 32, 'sample_rate': 'original', 'to_db': False}}, 'parent_path': 'config/gpu/runs/training_parent.yaml', 'skip_trained': True, 'early_stopping': {'patience': 8, 'min_delta': 0.004, 'restore_best_weights': False}, 'random_start': True, 'num_dense_units2': 0, 'time_mask': True, 'freq_mask': True, 'name': 'DLBDL_dl1-2_1', 'class': 'dlbd.models.dlbd.DLBD', 'dilation_rate': [[1, 2], 1]}",25
24/11/2021 18:02:22,1094.51,1065.93,50,DLBDL_replicate_1_lr-0.01_epochs-50,"{'trainableParams': 126082, 'nonTrainableParams': 640, 'totalParams': 126722}","{'data_config': 'config/gpu/runs/trim/data_config.yaml', 'id': '_{learning_rate}_{n_epochs}', 'id_prefixes': {'databases_options--spectrogram--n_mels': '_nmels-', 'databases_options--spectrogram--n_fft': 'fft-', 'learning_rate': 'lr-', 'n_epochs': 'epochs-'}, 'databases': ['citynet2', 'nips4b2', 'NABS2', 'arctic_complete2'], 'model_dir': '/home/sylvain/data/results/runs/candidates/models', 'logs': {'log_dir': '/home/sylvain/logs/gradient_tape/runs/candidates', 'use_version': True}, 'clean_empty_models': True, 'n_epochs': 50, 'epoch_save_step': 3, 'learning_rate': 0.01, 'learn_log': 0, 'do_augmentation': 1, 'A': 0.001, 'B': 10.0, 'ensemble_members': 1, 'training_balanced': True, 'resize_spectrogram': True, 'pixels_per_sec': 200, 'spectrogram_overlap': 0.75, 'batch_size': 256, 'do_batch_norm': 1, 'channels': 4, 'num_filters': 64, 'num_dense_units': 128, 'conv_filter_width': 4, 'wiggle_room': 10, 'dropout': 0.5, 'databases_options': {'spectrogram': {'n_fft': 512, 'n_mels': 32, 'sample_rate': 'original', 'to_db': False}}, 'parent_path': 'config/gpu/runs/training_parent.yaml', 'skip_trained': True, 'early_stopping': {'patience': 5, 'min_delta': 0.002}, 'random_start': True, 'num_dense_units2': 0, 'time_mask': True, 'freq_mask': True, 'name': 'DLBDL_replicate_1', 'class': 'dlbd.models.dlbd.DLBD', 'dilation_rate': [[1, 2], 1]}",10
24/11/2021 18:36:22,2039.76,2011.79,50,DLBDL_replicate_2_lr-0.01_epochs-50,"{'trainableParams': 126082, 'nonTrainableParams': 640, 'totalParams': 126722}","{'data_config': 'config/gpu/runs/trim/data_config.yaml', 'id': '_{learning_rate}_{n_epochs}', 'id_prefixes': {'databases_options--spectrogram--n_mels': '_nmels-', 'databases_options--spectrogram--n_fft': 'fft-', 'learning_rate': 'lr-', 'n_epochs': 'epochs-'}, 'databases': ['citynet2', 'nips4b2', 'NABS2', 'arctic_complete2'], 'model_dir': '/home/sylvain/data/results/runs/candidates/models', 'logs': {'log_dir': '/home/sylvain/logs/gradient_tape/runs/candidates', 'use_version': True}, 'clean_empty_models': True, 'n_epochs': 50, 'epoch_save_step': 3, 'learning_rate': 0.01, 'learn_log': 0, 'do_augmentation': 1, 'A': 0.001, 'B': 10.0, 'ensemble_members': 1, 'training_balanced': True, 'resize_spectrogram': True, 'pixels_per_sec': 200, 'spectrogram_overlap': 0.75, 'batch_size': 256, 'do_batch_norm': 1, 'channels': 4, 'num_filters': 64, 'num_dense_units': 128, 'conv_filter_width': 4, 'wiggle_room': 10, 'dropout': 0.5, 'databases_options': {'spectrogram': {'n_fft': 512, 'n_mels': 32, 'sample_rate': 'original', 'to_db': False}}, 'parent_path': 'config/gpu/runs/training_parent.yaml', 'skip_trained': True, 'early_stopping': {'patience': 5, 'min_delta': 0.002}, 'random_start': True, 'num_dense_units2': 0, 'time_mask': True, 'freq_mask': True, 'name': 'DLBDL_replicate_2', 'class': 'dlbd.models.dlbd.DLBD', 'dilation_rate': [[1, 2], 1]}",19
24/11/2021 19:03:44,1641.41,1607.02,50,DLBDL_replicate_3_lr-0.01_epochs-50,"{'trainableParams': 126082, 'nonTrainableParams': 640, 'totalParams': 126722}","{'data_config': 'config/gpu/runs/trim/data_config.yaml', 'id': '_{learning_rate}_{n_epochs}', 'id_prefixes': {'databases_options--spectrogram--n_mels': '_nmels-', 'databases_options--spectrogram--n_fft': 'fft-', 'learning_rate': 'lr-', 'n_epochs': 'epochs-'}, 'databases': ['citynet2', 'nips4b2', 'NABS2', 'arctic_complete2'], 'model_dir': '/home/sylvain/data/results/runs/candidates/models', 'logs': {'log_dir': '/home/sylvain/logs/gradient_tape/runs/candidates', 'use_version': True}, 'clean_empty_models': True, 'n_epochs': 50, 'epoch_save_step': 3, 'learning_rate': 0.01, 'learn_log': 0, 'do_augmentation': 1, 'A': 0.001, 'B': 10.0, 'ensemble_members': 1, 'training_balanced': True, 'resize_spectrogram': True, 'pixels_per_sec': 200, 'spectrogram_overlap': 0.75, 'batch_size': 256, 'do_batch_norm': 1, 'channels': 4, 'num_filters': 64, 'num_dense_units': 128, 'conv_filter_width': 4, 'wiggle_room': 10, 'dropout': 0.5, 'databases_options': {'spectrogram': {'n_fft': 512, 'n_mels': 32, 'sample_rate': 'original', 'to_db': False}}, 'parent_path': 'config/gpu/runs/training_parent.yaml', 'skip_trained': True, 'early_stopping': {'patience': 5, 'min_delta': 0.002}, 'random_start': True, 'num_dense_units2': 0, 'time_mask': True, 'freq_mask': True, 'name': 'DLBDL_replicate_3', 'class': 'dlbd.models.dlbd.DLBD', 'dilation_rate': [[1, 2], 1]}",15
24/11/2021 19:30:57,1632.59,1603.91,50,DLBDL_replicate_4_lr-0.01_epochs-50,"{'trainableParams': 126082, 'nonTrainableParams': 640, 'totalParams': 126722}","{'data_config': 'config/gpu/runs/trim/data_config.yaml', 'id': '_{learning_rate}_{n_epochs}', 'id_prefixes': {'databases_options--spectrogram--n_mels': '_nmels-', 'databases_options--spectrogram--n_fft': 'fft-', 'learning_rate': 'lr-', 'n_epochs': 'epochs-'}, 'databases': ['citynet2', 'nips4b2', 'NABS2', 'arctic_complete2'], 'model_dir': '/home/sylvain/data/results/runs/candidates/models', 'logs': {'log_dir': '/home/sylvain/logs/gradient_tape/runs/candidates', 'use_version': True}, 'clean_empty_models': True, 'n_epochs': 50, 'epoch_save_step': 3, 'learning_rate': 0.01, 'learn_log': 0, 'do_augmentation': 1, 'A': 0.001, 'B': 10.0, 'ensemble_members': 1, 'training_balanced': True, 'resize_spectrogram': True, 'pixels_per_sec': 200, 'spectrogram_overlap': 0.75, 'batch_size': 256, 'do_batch_norm': 1, 'channels': 4, 'num_filters': 64, 'num_dense_units': 128, 'conv_filter_width': 4, 'wiggle_room': 10, 'dropout': 0.5, 'databases_options': {'spectrogram': {'n_fft': 512, 'n_mels': 32, 'sample_rate': 'original', 'to_db': False}}, 'parent_path': 'config/gpu/runs/training_parent.yaml', 'skip_trained': True, 'early_stopping': {'patience': 5, 'min_delta': 0.002}, 'random_start': True, 'num_dense_units2': 0, 'time_mask': True, 'freq_mask': True, 'name': 'DLBDL_replicate_4', 'class': 'dlbd.models.dlbd.DLBD', 'dilation_rate': [[1, 2], 1]}",15
25/11/2021 00:30:30,2243.02,2212.52,50,DLBDL_replicate_5_regl2_lr-0.01_epochs-50,"{'trainableParams': 126082, 'nonTrainableParams': 640, 'totalParams': 126722}","{'data_config': 'config/gpu/runs/trim/data_config.yaml', 'id': '_{learning_rate}_{n_epochs}', 'id_prefixes': {'databases_options--spectrogram--n_mels': '_nmels-', 'databases_options--spectrogram--n_fft': 'fft-', 'learning_rate': 'lr-', 'n_epochs': 'epochs-'}, 'databases': ['citynet2', 'nips4b2', 'NABS2', 'arctic_complete2'], 'model_dir': '/home/sylvain/data/results/runs/candidates/models', 'logs': {'log_dir': '/home/sylvain/logs/gradient_tape/runs/candidates', 'use_version': True}, 'clean_empty_models': True, 'n_epochs': 50, 'epoch_save_step': 3, 'learning_rate': 0.01, 'learn_log': 0, 'do_augmentation': 1, 'A': 0.001, 'B': 10.0, 'ensemble_members': 1, 'training_balanced': True, 'resize_spectrogram': True, 'pixels_per_sec': 200, 'spectrogram_overlap': 0.75, 'batch_size': 256, 'do_batch_norm': 1, 'channels': 4, 'num_filters': 64, 'num_dense_units': 128, 'conv_filter_width': 4, 'wiggle_room': 10, 'dropout': 0.5, 'databases_options': {'spectrogram': {'n_fft': 512, 'n_mels': 32, 'sample_rate': 'original', 'to_db': False}}, 'parent_path': 'config/gpu/runs/training_parent.yaml', 'skip_trained': True, 'early_stopping': {'patience': 5, 'min_delta': 0.002}, 'random_start': True, 'num_dense_units2': 0, 'time_mask': True, 'freq_mask': True, 'name': 'DLBDL_replicate_5_regl2', 'class': 'dlbd.models.dlbd.DLBD', 'dilation_rate': [[1, 2], 1], 'regularizer': {'type': 'l2', 'value': 0.001}}",21
25/11/2021 00:48:20,1070.47,1043.18,50,DLBDL_replicate_6_regl2_lr-0.01_epochs-50,"{'trainableParams': 126082, 'nonTrainableParams': 640, 'totalParams': 126722}","{'data_config': 'config/gpu/runs/trim/data_config.yaml', 'id': '_{learning_rate}_{n_epochs}', 'id_prefixes': {'databases_options--spectrogram--n_mels': '_nmels-', 'databases_options--spectrogram--n_fft': 'fft-', 'learning_rate': 'lr-', 'n_epochs': 'epochs-'}, 'databases': ['citynet2', 'nips4b2', 'NABS2', 'arctic_complete2'], 'model_dir': '/home/sylvain/data/results/runs/candidates/models', 'logs': {'log_dir': '/home/sylvain/logs/gradient_tape/runs/candidates', 'use_version': True}, 'clean_empty_models': True, 'n_epochs': 50, 'epoch_save_step': 3, 'learning_rate': 0.01, 'learn_log': 0, 'do_augmentation': 1, 'A': 0.001, 'B': 10.0, 'ensemble_members': 1, 'training_balanced': True, 'resize_spectrogram': True, 'pixels_per_sec': 200, 'spectrogram_overlap': 0.75, 'batch_size': 256, 'do_batch_norm': 1, 'channels': 4, 'num_filters': 64, 'num_dense_units': 128, 'conv_filter_width': 4, 'wiggle_room': 10, 'dropout': 0.5, 'databases_options': {'spectrogram': {'n_fft': 512, 'n_mels': 32, 'sample_rate': 'original', 'to_db': False}}, 'parent_path': 'config/gpu/runs/training_parent.yaml', 'skip_trained': True, 'early_stopping': {'patience': 5, 'min_delta': 0.002}, 'random_start': True, 'num_dense_units2': 0, 'time_mask': True, 'freq_mask': True, 'name': 'DLBDL_replicate_6_regl2', 'class': 'dlbd.models.dlbd.DLBD', 'dilation_rate': [[1, 2], 1], 'regularizer': {'type': 'l2', 'value': 0.001}}",10
25/11/2021 02:14:14,5153.52,5126.28,50,DLBDL_noes_lr-0.01_epochs-50,"{'trainableParams': 126082, 'nonTrainableParams': 640, 'totalParams': 126722}","{'data_config': 'config/gpu/runs/trim/data_config.yaml', 'id': '_{learning_rate}_{n_epochs}', 'id_prefixes': {'databases_options--spectrogram--n_mels': '_nmels-', 'databases_options--spectrogram--n_fft': 'fft-', 'learning_rate': 'lr-', 'n_epochs': 'epochs-'}, 'databases': ['citynet2', 'nips4b2', 'NABS2', 'arctic_complete2'], 'model_dir': '/home/sylvain/data/results/runs/candidates/models', 'logs': {'log_dir': '/home/sylvain/logs/gradient_tape/runs/candidates', 'use_version': True}, 'clean_empty_models': True, 'n_epochs': 50, 'epoch_save_step': 3, 'learning_rate': 0.01, 'learn_log': 0, 'do_augmentation': 1, 'A': 0.001, 'B': 10.0, 'ensemble_members': 1, 'training_balanced': True, 'resize_spectrogram': True, 'pixels_per_sec': 200, 'spectrogram_overlap': 0.75, 'batch_size': 256, 'do_batch_norm': 1, 'channels': 4, 'num_filters': 64, 'num_dense_units': 128, 'conv_filter_width': 4, 'wiggle_room': 10, 'dropout': 0.5, 'databases_options': {'spectrogram': {'n_fft': 512, 'n_mels': 32, 'sample_rate': 'original', 'to_db': False}}, 'parent_path': 'config/gpu/runs/training_parent.yaml', 'skip_trained': True, 'early_stopping': False, 'random_start': True, 'num_dense_units2': 0, 'time_mask': True, 'freq_mask': True, 'name': 'DLBDL_noes', 'class': 'dlbd.models.dlbd.DLBD', 'dilation_rate': [[1, 2], 1]}",
25/11/2021 03:41:31,5237.13,5208.46,50,DLBDL_noes_2_lr-0.01_epochs-50,"{'trainableParams': 126082, 'nonTrainableParams': 640, 'totalParams': 126722}","{'data_config': 'config/gpu/runs/trim/data_config.yaml', 'id': '_{learning_rate}_{n_epochs}', 'id_prefixes': {'databases_options--spectrogram--n_mels': '_nmels-', 'databases_options--spectrogram--n_fft': 'fft-', 'learning_rate': 'lr-', 'n_epochs': 'epochs-'}, 'databases': ['citynet2', 'nips4b2', 'NABS2', 'arctic_complete2'], 'model_dir': '/home/sylvain/data/results/runs/candidates/models', 'logs': {'log_dir': '/home/sylvain/logs/gradient_tape/runs/candidates', 'use_version': True}, 'clean_empty_models': True, 'n_epochs': 50, 'epoch_save_step': 3, 'learning_rate': 0.01, 'learn_log': 0, 'do_augmentation': 1, 'A': 0.001, 'B': 10.0, 'ensemble_members': 1, 'training_balanced': True, 'resize_spectrogram': True, 'pixels_per_sec': 200, 'spectrogram_overlap': 0.75, 'batch_size': 256, 'do_batch_norm': 1, 'channels': 4, 'num_filters': 64, 'num_dense_units': 128, 'conv_filter_width': 4, 'wiggle_room': 10, 'dropout': 0.5, 'databases_options': {'spectrogram': {'n_fft': 512, 'n_mels': 32, 'sample_rate': 'original', 'to_db': False}}, 'parent_path': 'config/gpu/runs/training_parent.yaml', 'skip_trained': True, 'early_stopping': False, 'random_start': True, 'num_dense_units2': 0, 'time_mask': True, 'freq_mask': True, 'name': 'DLBDL_noes_2', 'class': 'dlbd.models.dlbd.DLBD', 'dilation_rate': [[1, 2], 1]}",
22/11/2021 22:08:31,2929.24,2900.54,50,DLBDL_averaged,"{'trainableParams': 126082, 'nonTrainableParams': 640, 'totalParams': 126722}","{'data_config': 'config/gpu/runs/trim/data_config.yaml', 'id': '', 'id_prefixes': {'databases_options--spectrogram--n_mels': '_nmels-', 'databases_options--spectrogram--n_fft': 'fft-', 'learning_rate': 'lr-', 'n_epochs': 'epochs-'}, 'databases': ['citynet2', 'nips4b2', 'NABS2', 'arctic_complete2'], 'model_dir': '/home/sylvain/data/results/runs/candidates/models', 'logs': {'log_dir': '/home/sylvain/logs/gradient_tape/runs/candidates', 'use_version': True}, 'clean_empty_models': True, 'n_epochs': 50, 'epoch_save_step': 3, 'learning_rate': 0.01, 'learn_log': 0, 'do_augmentation': 1, 'A': 0.001, 'B': 10.0, 'ensemble_members': 1, 'training_balanced': True, 'resize_spectrogram': True, 'pixels_per_sec': 200, 'spectrogram_overlap': 0.75, 'batch_size': 256, 'do_batch_norm': 1, 'channels': 4, 'num_filters': 64, 'num_dense_units': 128, 'conv_filter_width': 4, 'wiggle_room': 10, 'dropout': 0.5, 'databases_options': {'spectrogram': {'n_fft': 512, 'n_mels': 32, 'sample_rate': 'original', 'to_db': False}}, 'parent_path': 'config/gpu/runs/training_parent.yaml', 'skip_trained': True, 'early_stopping': {'patience': 5, 'min_delta': 0.002}, 'random_start': True, 'num_dense_units2': 0, 'time_mask': True, 'freq_mask': True, 'name': 'DLBDL_averaged', 'class': 'dlbd.models.dlbd.DLBD', 'dilation_rate': [[1, 2], [1, 2]]}",26
29/11/2021 15:00:42,1694.81,1645.04,50,DLBDL_ma1_lr-0.01_epochs-50,"{'trainableParams': 126082, 'nonTrainableParams': 640, 'totalParams': 126722}","{'data_config': 'config/gpu/runs/trim/data_config.yaml', 'id': '_{learning_rate}_{n_epochs}', 'id_prefixes': {'databases_options--spectrogram--n_mels': '_nmels-', 'databases_options--spectrogram--n_fft': 'fft-', 'learning_rate': 'lr-', 'n_epochs': 'epochs-'}, 'databases': ['citynet2', 'nips4b2', 'NABS2', 'arctic_complete2'], 'model_dir': '/home/sylvain/data/results/runs/candidates/models', 'logs': {'log_dir': '/home/sylvain/logs/gradient_tape/runs/candidates', 'use_version': True}, 'clean_empty_models': True, 'n_epochs': 50, 'epoch_save_step': 3, 'learning_rate': 0.01, 'learn_log': 0, 'do_augmentation': 1, 'A': 0.001, 'B': 10.0, 'ensemble_members': 1, 'training_balanced': True, 'resize_spectrogram': True, 'pixels_per_sec': 200, 'spectrogram_overlap': 0.75, 'batch_size': 256, 'do_batch_norm': 1, 'channels': 4, 'num_filters': 64, 'num_dense_units': 128, 'conv_filter_width': 4, 'wiggle_room': 10, 'dropout': 0.5, 'databases_options': {'spectrogram': {'n_fft': 512, 'n_mels': 32, 'sample_rate': 'original', 'to_db': False}}, 'parent_path': 'config/gpu/runs/training_parent.yaml', 'skip_trained': True, 'early_stopping': {'patience': 5, 'min_delta': 0.002}, 'random_start': True, 'num_dense_units2': 0, 'time_mask': True, 'freq_mask': True, 'name': 'DLBDL_ma1', 'class': 'dlbd.models.dlbd.DLBD', 'dilation_rate': [[1, 2], 1], 'use_ma': True}",15
29/11/2021 15:22:53,1330.97,1302.46,50,DLBDL_ma2_lr-0.01_epochs-50,"{'trainableParams': 126082, 'nonTrainableParams': 640, 'totalParams': 126722}","{'data_config': 'config/gpu/runs/trim/data_config.yaml', 'id': '_{learning_rate}_{n_epochs}', 'id_prefixes': {'databases_options--spectrogram--n_mels': '_nmels-', 'databases_options--spectrogram--n_fft': 'fft-', 'learning_rate': 'lr-', 'n_epochs': 'epochs-'}, 'databases': ['citynet2', 'nips4b2', 'NABS2', 'arctic_complete2'], 'model_dir': '/home/sylvain/data/results/runs/candidates/models', 'logs': {'log_dir': '/home/sylvain/logs/gradient_tape/runs/candidates', 'use_version': True}, 'clean_empty_models': True, 'n_epochs': 50, 'epoch_save_step': 3, 'learning_rate': 0.01, 'learn_log': 0, 'do_augmentation': 1, 'A': 0.001, 'B': 10.0, 'ensemble_members': 1, 'training_balanced': True, 'resize_spectrogram': True, 'pixels_per_sec': 200, 'spectrogram_overlap': 0.75, 'batch_size': 256, 'do_batch_norm': 1, 'channels': 4, 'num_filters': 64, 'num_dense_units': 128, 'conv_filter_width': 4, 'wiggle_room': 10, 'dropout': 0.5, 'databases_options': {'spectrogram': {'n_fft': 512, 'n_mels': 32, 'sample_rate': 'original', 'to_db': False}}, 'parent_path': 'config/gpu/runs/training_parent.yaml', 'skip_trained': True, 'early_stopping': {'patience': 5, 'min_delta': 0.002}, 'random_start': True, 'num_dense_units2': 0, 'time_mask': True, 'freq_mask': True, 'name': 'DLBDL_ma2', 'class': 'dlbd.models.dlbd.DLBD', 'dilation_rate': [[1, 2], 1], 'use_ma': True}",12
29/11/2021 17:04:49,2345.15,2316.91,50,DLBDL_swa_lr-0.01_epochs-50,"{'trainableParams': 126082, 'nonTrainableParams': 640, 'totalParams': 126722}","{'data_config': 'config/gpu/runs/trim/data_config.yaml', 'id': '_{learning_rate}_{n_epochs}', 'id_prefixes': {'databases_options--spectrogram--n_mels': '_nmels-', 'databases_options--spectrogram--n_fft': 'fft-', 'learning_rate': 'lr-', 'n_epochs': 'epochs-'}, 'databases': ['citynet2', 'nips4b2', 'NABS2', 'arctic_complete2'], 'model_dir': '/home/sylvain/data/results/runs/candidates/models', 'logs': {'log_dir': '/home/sylvain/logs/gradient_tape/runs/candidates', 'use_version': True}, 'clean_empty_models': True, 'n_epochs': 50, 'epoch_save_step': 3, 'learning_rate': 0.01, 'learn_log': 0, 'do_augmentation': 1, 'A': 0.001, 'B': 10.0, 'ensemble_members': 1, 'training_balanced': True, 'resize_spectrogram': True, 'pixels_per_sec': 200, 'spectrogram_overlap': 0.75, 'batch_size': 256, 'do_batch_norm': 1, 'channels': 4, 'num_filters': 64, 'num_dense_units': 128, 'conv_filter_width': 4, 'wiggle_room': 10, 'dropout': 0.5, 'databases_options': {'spectrogram': {'n_fft': 512, 'n_mels': 32, 'sample_rate': 'original', 'to_db': False}}, 'parent_path': 'config/gpu/runs/training_parent.yaml', 'skip_trained': True, 'early_stopping': {'patience': 5, 'min_delta': 0.002}, 'random_start': True, 'num_dense_units2': 0, 'time_mask': True, 'freq_mask': True, 'name': 'DLBDL_swa', 'class': 'dlbd.models.dlbd.DLBD', 'dilation_rate': [[1, 2], 1], 'use_swa': True}",19
29/11/2021 17:48:58,2649.04,2621.31,50,DLBDL2_lr-0.01_epochs-50,"{'trainableParams': 109570, 'nonTrainableParams': 512, 'totalParams': 110082}","{'data_config': 'config/gpu/runs/trim/data_config.yaml', 'id': '_{learning_rate}_{n_epochs}', 'id_prefixes': {'databases_options--spectrogram--n_mels': '_nmels-', 'databases_options--spectrogram--n_fft': 'fft-', 'learning_rate': 'lr-', 'n_epochs': 'epochs-'}, 'databases': ['citynet2', 'nips4b2', 'NABS2', 'arctic_complete2'], 'model_dir': '/home/sylvain/data/results/runs/candidates/models', 'logs': {'log_dir': '/home/sylvain/logs/gradient_tape/runs/candidates', 'use_version': True}, 'clean_empty_models': True, 'n_epochs': 50, 'epoch_save_step': 3, 'learning_rate': 0.01, 'learn_log': 0, 'do_augmentation': 1, 'A': 0.001, 'B': 10.0, 'ensemble_members': 1, 'training_balanced': True, 'resize_spectrogram': True, 'pixels_per_sec': 200, 'spectrogram_overlap': 0.75, 'batch_size': 256, 'do_batch_norm': 1, 'channels': 4, 'num_filters': 64, 'num_dense_units': 128, 'conv_filter_width': 4, 'wiggle_room': 10, 'dropout': 0.5, 'databases_options': {'spectrogram': {'n_fft': 512, 'n_mels': 32, 'sample_rate': 'original', 'to_db': False}}, 'parent_path': 'config/gpu/runs/training_parent.yaml', 'skip_trained': True, 'early_stopping': {'patience': 5, 'min_delta': 0.002}, 'random_start': True, 'num_dense_units2': 0, 'time_mask': True, 'freq_mask': True, 'name': 'DLBDL2', 'class': 'dlbd.models.dlbd.DLBD2', 'dilation_rate': [[1, 2], 1]}",25
29/11/2021 18:24:18,2119.35,2091.77,50,DLBDL2_ma_lr-0.01_epochs-50,"{'trainableParams': 109570, 'nonTrainableParams': 512, 'totalParams': 110082}","{'data_config': 'config/gpu/runs/trim/data_config.yaml', 'id': '_{learning_rate}_{n_epochs}', 'id_prefixes': {'databases_options--spectrogram--n_mels': '_nmels-', 'databases_options--spectrogram--n_fft': 'fft-', 'learning_rate': 'lr-', 'n_epochs': 'epochs-'}, 'databases': ['citynet2', 'nips4b2', 'NABS2', 'arctic_complete2'], 'model_dir': '/home/sylvain/data/results/runs/candidates/models', 'logs': {'log_dir': '/home/sylvain/logs/gradient_tape/runs/candidates', 'use_version': True}, 'clean_empty_models': True, 'n_epochs': 50, 'epoch_save_step': 3, 'learning_rate': 0.01, 'learn_log': 0, 'do_augmentation': 1, 'A': 0.001, 'B': 10.0, 'ensemble_members': 1, 'training_balanced': True, 'resize_spectrogram': True, 'pixels_per_sec': 200, 'spectrogram_overlap': 0.75, 'batch_size': 256, 'do_batch_norm': 1, 'channels': 4, 'num_filters': 64, 'num_dense_units': 128, 'conv_filter_width': 4, 'wiggle_room': 10, 'dropout': 0.5, 'databases_options': {'spectrogram': {'n_fft': 512, 'n_mels': 32, 'sample_rate': 'original', 'to_db': False}}, 'parent_path': 'config/gpu/runs/training_parent.yaml', 'skip_trained': True, 'early_stopping': {'patience': 5, 'min_delta': 0.002}, 'random_start': True, 'num_dense_units2': 0, 'time_mask': True, 'freq_mask': True, 'name': 'DLBDL2_ma', 'class': 'dlbd.models.dlbd.DLBD2', 'dilation_rate': [[1, 2], 1], 'use_ma': True}",20
29/11/2021 18:37:46,808.23,779.95,50,DLBDL2_swa_lr-0.01_epochs-50,"{'trainableParams': 109570, 'nonTrainableParams': 512, 'totalParams': 110082}","{'data_config': 'config/gpu/runs/trim/data_config.yaml', 'id': '_{learning_rate}_{n_epochs}', 'id_prefixes': {'databases_options--spectrogram--n_mels': '_nmels-', 'databases_options--spectrogram--n_fft': 'fft-', 'learning_rate': 'lr-', 'n_epochs': 'epochs-'}, 'databases': ['citynet2', 'nips4b2', 'NABS2', 'arctic_complete2'], 'model_dir': '/home/sylvain/data/results/runs/candidates/models', 'logs': {'log_dir': '/home/sylvain/logs/gradient_tape/runs/candidates', 'use_version': True}, 'clean_empty_models': True, 'n_epochs': 50, 'epoch_save_step': 3, 'learning_rate': 0.01, 'learn_log': 0, 'do_augmentation': 1, 'A': 0.001, 'B': 10.0, 'ensemble_members': 1, 'training_balanced': True, 'resize_spectrogram': True, 'pixels_per_sec': 200, 'spectrogram_overlap': 0.75, 'batch_size': 256, 'do_batch_norm': 1, 'channels': 4, 'num_filters': 64, 'num_dense_units': 128, 'conv_filter_width': 4, 'wiggle_room': 10, 'dropout': 0.5, 'databases_options': {'spectrogram': {'n_fft': 512, 'n_mels': 32, 'sample_rate': 'original', 'to_db': False}}, 'parent_path': 'config/gpu/runs/training_parent.yaml', 'skip_trained': True, 'early_stopping': {'patience': 5, 'min_delta': 0.002}, 'random_start': True, 'num_dense_units2': 0, 'time_mask': True, 'freq_mask': True, 'name': 'DLBDL2_swa', 'class': 'dlbd.models.dlbd.DLBD2', 'dilation_rate': [[1, 2], 1], 'use_swa': True}",6
10/12/2021 22:55:51,3845.96,3812.06,50,DLBDL_wr3_fil128_d1-64_d2-32_pps200_bs256,"{'trainableParams': 187746, 'nonTrainableParams': 960, 'totalParams': 188706}","{'data_config': 'config/gpu/runs/summary/data_config.yaml', 'id': '_wr{wriggle_room}_fil{num_filters}_d1-{num_dense_units}_d2-{num_dense_units2}_pps{pixels_per_sec}_bs{batch_size}', 'id_prefixes': {'databases_options--spectrogram--n_mels': '_nmels-', 'databases_options--spectrogram--n_fft': 'fft-'}, 'databases': ['citynet2', 'nips4b2', 'NABS2', 'arctic_complete3'], 'model_dir': '/home/sylvain/data/results/runs/summary/models', 'logs': {'log_dir': '/home/sylvain/logs/gradient_tape/runs/summary', 'use_version': True}, 'clean_empty_models': True, 'n_epochs': 50, 'epoch_save_step': 3, 'learning_rate': 0.01, 'learn_log': 0, 'do_augmentation': 1, 'A': 0.001, 'B': 10.0, 'ensemble_members': 1, 'training_balanced': True, 'resize_spectrogram': True, 'pixels_per_sec': 200, 'spectrogram_overlap': 0.75, 'batch_size': 256, 'do_batch_norm': 1, 'channels': 4, 'num_filters': 128, 'num_dense_units': 64, 'conv_filter_width': 4, 'wiggle_room': 10, 'dropout': 0.5, 'databases_options': {'spectrogram': {'n_fft': 512, 'n_mels': 32, 'sample_rate': 'original', 'to_db': False}}, 'parent_path': 'config/gpu/runs/training_parent.yaml', 'skip_trained': True, 'early_stopping': {'patience': 8, 'min_delta': 0.002, 'restore_best_weights': False}, 'random_start': True, 'num_dense_units2': 32, 'time_mask': True, 'freq_mask': True, 'name': 'DLBDL', 'dilation_rate': [[1, 2], 1], 'class': 'dlbd.models.dlbd.DLBD', 'wriggle_room': 3}",26
10/12/2021 11:59:34,1762.27,1737.06,50,DLBDL_wr3_fil64_d1-512_d2-256_pps100_bs256,"{'trainableParams': 529666, 'nonTrainableParams': 1920, 'totalParams': 531586}","{'data_config': 'config/gpu/runs/summary/data_config.yaml', 'id': '_wr{wriggle_room}_fil{num_filters}_d1-{num_dense_units}_d2-{num_dense_units2}_pps{pixels_per_sec}_bs{batch_size}', 'id_prefixes': {'databases_options--spectrogram--n_mels': '_nmels-', 'databases_options--spectrogram--n_fft': 'fft-'}, 'databases': ['citynet2', 'nips4b2', 'NABS2', 'arctic_complete3'], 'model_dir': '/home/sylvain/data/results/runs/summary/models', 'logs': {'log_dir': '/home/sylvain/logs/gradient_tape/runs/summary', 'use_version': True}, 'clean_empty_models': True, 'n_epochs': 50, 'epoch_save_step': 3, 'learning_rate': 0.01, 'learn_log': 0, 'do_augmentation': 1, 'A': 0.001, 'B': 10.0, 'ensemble_members': 1, 'training_balanced': True, 'resize_spectrogram': True, 'pixels_per_sec': 100, 'spectrogram_overlap': 0.75, 'batch_size': 256, 'do_batch_norm': 1, 'channels': 4, 'num_filters': 64, 'num_dense_units': 512, 'conv_filter_width': 4, 'wiggle_room': 10, 'dropout': 0.5, 'databases_options': {'spectrogram': {'n_fft': 512, 'n_mels': 32, 'sample_rate': 'original', 'to_db': False}}, 'parent_path': 'config/gpu/runs/training_parent.yaml', 'skip_trained': True, 'early_stopping': {'patience': 8, 'min_delta': 0.002, 'restore_best_weights': False}, 'random_start': True, 'num_dense_units2': 256, 'time_mask': True, 'freq_mask': True, 'name': 'DLBDL', 'dilation_rate': [[1, 2], 1], 'class': 'dlbd.models.dlbd.DLBD', 'wriggle_room': 3}",19
10/12/2021 11:59:34,1762.27,1737.06,50,DLBD,"{'trainableParams': 529666, 'nonTrainableParams': 1920, 'totalParams': 531586}","{'data_config': 'config/gpu/runs/summary/data_config.yaml', 'id': '_wr{wriggle_room}_fil{num_filters}_d1-{num_dense_units}_d2-{num_dense_units2}_pps{pixels_per_sec}_bs{batch_size}', 'id_prefixes': {'databases_options--spectrogram--n_mels': '_nmels-', 'databases_options--spectrogram--n_fft': 'fft-'}, 'databases': ['citynet2', 'nips4b2', 'NABS2', 'arctic_complete3'], 'model_dir': '/home/sylvain/data/results/runs/summary/models', 'logs': {'log_dir': '/home/sylvain/logs/gradient_tape/runs/summary', 'use_version': True}, 'clean_empty_models': True, 'n_epochs': 50, 'epoch_save_step': 3, 'learning_rate': 0.01, 'learn_log': 0, 'do_augmentation': 1, 'A': 0.001, 'B': 10.0, 'ensemble_members': 1, 'training_balanced': True, 'resize_spectrogram': True, 'pixels_per_sec': 100, 'spectrogram_overlap': 0.75, 'batch_size': 256, 'do_batch_norm': 1, 'channels': 4, 'num_filters': 64, 'num_dense_units': 512, 'conv_filter_width': 4, 'wiggle_room': 10, 'dropout': 0.5, 'databases_options': {'spectrogram': {'n_fft': 512, 'n_mels': 32, 'sample_rate': 'original', 'to_db': False}}, 'parent_path': 'config/gpu/runs/training_parent.yaml', 'skip_trained': True, 'early_stopping': {'patience': 8, 'min_delta': 0.002, 'restore_best_weights': False}, 'random_start': True, 'num_dense_units2': 256, 'time_mask': True, 'freq_mask': True, 'name': 'DLBD', 'dilation_rate': [[1, 2], 1], 'class': 'dlbd.models.dlbd.DLBD', 'wriggle_room': 3}",19
